country_map,n,n_binned,un_region_sub,un_region
AD,1,< 100,Southern Europe,Europe
AE,20,< 100,Western Asia,Asia
AL,3,< 100,Southern Europe,Europe
AM,1020,1000-1999,Western Asia,Asia
AR,285,100-999,Latin America and the Caribbean,Americas
AT,1048,1000-1999,Western Europe,Europe
AU,1293,1000-1999,Australia and New Zealand,Oceania
AZ,1,< 100,Western Asia,Asia
BA,54,< 100,Southern Europe,Europe
BD,56,< 100,Southern Asia,Asia
BE,332,100-999,Western Europe,Europe
BG,242,100-999,Eastern Europe,Europe
BH,1,< 100,Western Asia,Asia
BN,1,< 100,South-eastern Asia,Asia
BR,475,100-999,Latin America and the Caribbean,Americas
BY,6,< 100,Eastern Europe,Europe
CA,535,100-999,Northern America,Americas
CH,657,100-999,Western Europe,Europe
CL,850,100-999,Latin America and the Caribbean,Americas
CN,1059,1000-1999,Eastern Asia,Asia
CO,262,100-999,Latin America and the Caribbean,Americas
CR,723,100-999,Latin America and the Caribbean,Americas
CV,1,< 100,Sub-Saharan Africa,Africa
CY,15,< 100,Western Asia,Asia
CZ,653,100-999,Eastern Europe,Europe
DE,901,100-999,Western Europe,Europe
DK,8,< 100,Northern Europe,Europe
DZ,2,< 100,Northern Africa,Africa
EC,36,< 100,Latin America and the Caribbean,Americas
EE,1,< 100,Northern Europe,Europe
EG,1386,1000-1999,Northern Africa,Africa
ES,18,< 100,Southern Europe,Europe
FI,329,100-999,Northern Europe,Europe
FR,1450,1000-1999,Western Europe,Europe
GB,1407,1000-1999,Northern Europe,Europe
GE,1,< 100,Western Asia,Asia
GP,1,< 100,Latin America and the Caribbean,Americas
GR,248,100-999,Southern Europe,Europe
GU,2,< 100,Micronesia,Oceania
HK,120,100-999,Eastern Asia,Asia
HR,1900,1000-1999,Southern Europe,Europe
HU,722,100-999,Eastern Europe,Europe
ID,7,< 100,South-eastern Asia,Asia
IE,370,100-999,Northern Europe,Europe
IL,310,100-999,Western Asia,Asia
IN,112,100-999,Southern Asia,Asia
IR,138,100-999,Southern Asia,Asia
IS,1,< 100,Northern Europe,Europe
IT,702,100-999,Southern Europe,Europe
JM,1,< 100,Latin America and the Caribbean,Americas
JP,4019,2000-6000,Eastern Asia,Asia
KE,1630,1000-1999,Sub-Saharan Africa,Africa
KH,1,< 100,South-eastern Asia,Asia
KR,604,100-999,Eastern Asia,Asia
KW,1,< 100,Western Asia,Asia
KY,1,< 100,Latin America and the Caribbean,Americas
KZ,6,< 100,Central Asia,Asia
LB,2,< 100,Western Asia,Asia
LK,2,< 100,Southern Asia,Asia
LT,2,< 100,Northern Europe,Europe
LU,6,< 100,Western Europe,Europe
LV,1,< 100,Northern Europe,Europe
MA,171,100-999,Northern Africa,Africa
MD,7,< 100,Eastern Europe,Europe
ME,7,< 100,Southern Europe,Europe
MK,383,100-999,Southern Europe,Europe
MM,1,< 100,South-eastern Asia,Asia
MO,1,< 100,Eastern Asia,Asia
MT,2,< 100,Southern Europe,Europe
MU,1,< 100,Sub-Saharan Africa,Africa
MW,2,< 100,Sub-Saharan Africa,Africa
MX,841,100-999,Latin America and the Caribbean,Americas
MY,94,< 100,South-eastern Asia,Asia
MZ,1,< 100,Sub-Saharan Africa,Africa
NC,1,< 100,Melanesia,Oceania
NG,1505,1000-1999,Sub-Saharan Africa,Africa
NI,2,< 100,Latin America and the Caribbean,Americas
NL,463,100-999,Western Europe,Europe
NO,689,100-999,Northern Europe,Europe
NZ,303,100-999,Australia and New Zealand,Oceania
OM,1,< 100,Western Asia,Asia
PA,2,< 100,Latin America and the Caribbean,Americas
PE,6,< 100,Latin America and the Caribbean,Americas
PH,744,100-999,South-eastern Asia,Asia
PK,635,100-999,Southern Asia,Asia
PL,3365,2000-6000,Eastern Europe,Europe
PT,584,100-999,Southern Europe,Europe
QA,3,< 100,Western Asia,Asia
RO,779,100-999,Eastern Europe,Europe
RS,247,100-999,Southern Europe,Europe
RU,787,100-999,Eastern Europe,Europe
SA,15,< 100,Western Asia,Asia
SE,856,100-999,Northern Europe,Europe
SG,157,100-999,South-eastern Asia,Asia
SI,443,100-999,Southern Europe,Europe
SK,537,100-999,Eastern Europe,Europe
TH,24,< 100,South-eastern Asia,Asia
TR,694,100-999,Western Asia,Asia
TT,2,< 100,Latin America and the Caribbean,Americas
TW,187,100-999,Eastern Asia,Asia
UA,6,< 100,Eastern Europe,Europe
US,5582,2000-6000,Northern America,Americas
VE,1,< 100,Latin America and the Caribbean,Americas
VI,1,< 100,Latin America and the Caribbean,Americas
VN,5,< 100,South-eastern Asia,Asia
YE,1,< 100,Western Asia,Asia
ZA,1215,1000-1999,Sub-Saharan Africa,Africa
